k,inertia,sil_km,sil_hc,db_km
2,3147.3495982148224,0.7861173165986383,0.7871353929923992,0.37518587907191364
3,1787.4808555046793,0.753314374566556,0.7541987165127083,0.282152954951217
4,1050.2529234295794,0.7121874774067521,0.729683453400232,0.3040146760907897
5,365.50640496146616,0.6880693539651817,0.633534593548065,0.26545181570097454
6,223.65816675206284,0.6618686915474897,0.6207099484658609,0.2334301307336292
7,101.35831683495852,0.5931288021653673,0.5914758030302552,0.25487341785808465
