k,inertia,sil_km,sil_hc,db_km
2,322.82145663046316,0.5624991544718823,0.5708763371933762,1.0726213289240485
3,164.81176350681582,0.6337833411432496,0.6170844705428142,0.5143908975322214
4,112.44037440564264,0.3751762647187075,0.2841120275798196,0.7785678769220195
5,88.92092691344692,0.3458555034619617,0.28918829399726403,0.7002091217602144
6,67.0306814049451,0.352841166014911,0.266598469655963,0.5789885264995674
7,45.21848232496848,0.3774318362736197,0.2861423868131882,0.5486750259745911
